{
  "intent": {
    "accuracy": 0.4,
    "precision_weighted": 0.1952380952380952,
    "recall_weighted": 0.4,
    "f1_weighted": 0.25999999999999995,
    "labels": [
      "RECOMMEND",
      "SUPPORT",
      "JOB_POST",
      "SMALLTALK",
      "OFF_TOPIC"
    ],
    "confusion_matrix": [
      [
        3,
        0,
        0,
        0,
        0
      ],
      [
        1,
        1,
        0,
        0,
        0
      ],
      [
        0,
        1,
        0,
        0,
        0
      ],
      [
        2,
        0,
        0,
        0,
        0
      ],
      [
        1,
        1,
        0,
        0,
        0
      ]
    ]
  },
  "recommender": {
    "accuracy": 0.9857142857142858,
    "precision": 0.958904109589041,
    "recall": 1.0,
    "f1": 0.9790209790209791,
    "roc_auc": 1.0,
    "n_samples": 840
  }
}